timestamp,temperature_C,humidity_percent
2026-07-22 01:00:25,24,55
2026-07-22 01:00:27,24,55
2026-07-22 01:00:29,24,55
2026-07-22 01:00:31,24,55
2026-07-22 01:00:33,24,55
2026-07-22 01:00:35,25,55
2026-07-22 01:00:37,25,55
2026-07-22 01:00:39,25,56
2026-07-22 01:00:41,25,60
2026-07-22 01:00:43,25,64
2026-07-22 01:00:45,25,67
2026-07-22 01:00:47,25,70
2026-07-22 01:00:49,25,72
2026-07-22 01:00:51,25,74
2026-07-22 01:00:53,25,75
2026-07-22 01:00:55,25,76
2026-07-22 01:00:57,25,77
2026-07-22 01:00:59,26,89
2026-07-22 01:01:01,26,94
2026-07-22 01:01:03,26,97
2026-07-22 01:01:05,26,95
2026-07-22 01:01:07,27,88
2026-07-22 01:01:09,27,95
2026-07-22 01:01:11,27,95
2026-07-22 01:01:13,27,95
2026-07-22 01:01:15,27,95
2026-07-22 01:01:17,27,95
2026-07-22 01:01:19,27,95
2026-07-22 01:01:22,27,95
2026-07-22 01:01:24,27,92
2026-07-22 01:01:26,27,91
2026-07-22 01:01:28,27,90
2026-07-22 01:01:30,26,88
2026-07-22 01:01:32,26,87
2026-07-22 01:01:34,26,79
2026-07-22 01:01:36,26,83
2026-07-22 01:01:38,26,82
2026-07-22 01:01:40,26,80
2026-07-22 01:01:42,26,79
2026-07-22 01:01:44,26,74
2026-07-22 01:01:46,26,74
2026-07-22 01:01:48,26,73
2026-07-22 01:01:50,26,71
2026-07-22 01:01:52,26,69
2026-07-22 01:01:54,26,67
2026-07-22 01:01:56,26,66
2026-07-22 01:01:58,26,65
2026-07-22 01:02:00,26,64
2026-07-22 01:02:02,26,63
2026-07-22 01:02:04,26,63
2026-07-22 01:02:06,26,62
2026-07-22 01:02:08,26,62
2026-07-22 01:02:10,26,61
2026-07-22 01:02:12,26,58
2026-07-22 01:02:14,26,59
2026-07-22 01:02:16,26,59
2026-07-22 01:02:18,26,59
2026-07-22 01:02:20,26,58
2026-07-22 01:02:22,26,58
2026-07-22 01:02:24,26,58
2026-07-22 01:02:26,26,58
2026-07-22 01:02:28,26,57
2026-07-22 01:02:30,26,57
2026-07-22 01:02:32,26,57
2026-07-22 01:02:34,26,57
2026-07-22 01:02:36,26,57
2026-07-22 01:02:38,26,56
2026-07-22 01:02:40,26,56
2026-07-22 01:02:42,26,56
2026-07-22 01:02:44,26,56
2026-07-22 01:02:46,26,56
2026-07-22 01:02:49,26,56
2026-07-22 01:02:51,26,56
2026-07-22 01:02:53,26,55
2026-07-22 01:02:55,26,55
2026-07-22 01:02:57,26,55
2026-07-22 01:02:59,26,55
2026-07-22 01:03:01,26,55
2026-07-22 01:03:03,26,55
2026-07-22 01:03:05,26,55
2026-07-22 01:03:07,26,54
2026-07-22 01:03:09,26,54
2026-07-22 01:03:11,26,54
2026-07-22 01:03:13,26,54
2026-07-22 01:03:15,26,54
2026-07-22 01:03:17,27,54
2026-07-22 01:03:19,27,54
2026-07-22 01:03:21,27,54
2026-07-22 01:03:23,27,54
2026-07-22 01:03:25,27,54
2026-07-22 01:03:27,27,54
2026-07-22 01:03:29,27,53
2026-07-22 01:03:31,27,53
2026-07-22 01:03:33,27,53
2026-07-22 01:03:35,27,53
2026-07-22 01:03:37,27,53
2026-07-22 01:03:39,27,53
2026-07-22 01:03:41,27,53
2026-07-22 01:03:43,27,53
2026-07-22 01:03:45,27,53
2026-07-22 01:03:47,27,53
2026-07-22 01:03:49,27,53
2026-07-22 01:03:51,27,52
2026-07-22 01:03:53,27,52
2026-07-22 01:03:55,27,52
2026-07-22 01:03:57,27,52
2026-07-22 01:03:59,27,52
2026-07-22 01:04:01,27,52
2026-07-22 01:04:03,27,52
2026-07-22 01:04:05,27,52
2026-07-22 01:04:07,27,52
2026-07-22 01:04:09,27,52
2026-07-22 01:04:11,27,52
2026-07-22 01:04:13,27,51
2026-07-22 01:04:16,27,51
2026-07-22 01:04:18,27,51
2026-07-22 01:04:20,27,51
2026-07-22 01:04:22,27,51
2026-07-22 01:04:24,27,51
2026-07-22 01:04:26,27,51
2026-07-22 01:04:28,27,51
2026-07-22 01:04:30,27,51
2026-07-22 01:04:32,27,51
2026-07-22 01:04:34,27,50
2026-07-22 01:04:36,27,50
2026-07-22 01:04:38,27,50
2026-07-22 01:04:40,27,50
2026-07-22 01:04:42,27,50
2026-07-22 01:04:44,27,49
2026-07-22 01:04:46,27,49
2026-07-22 01:04:48,27,49
2026-07-22 01:04:50,27,49
2026-07-22 01:04:52,27,49
2026-07-22 01:04:54,27,49
2026-07-22 01:04:56,27,49
2026-07-22 01:04:58,27,49
2026-07-22 01:05:00,27,49
2026-07-22 01:05:02,27,49
2026-07-22 01:05:04,27,49
2026-07-22 01:05:06,27,49
2026-07-22 01:05:08,27,48
2026-07-22 01:05:10,27,48
2026-07-22 01:05:12,27,48
2026-07-22 01:05:14,27,48
2026-07-22 01:05:16,27,48
2026-07-22 01:05:18,27,49
2026-07-22 01:05:20,27,49
2026-07-22 01:05:22,27,48
2026-07-22 01:05:24,27,48
2026-07-22 01:05:26,27,48
2026-07-22 01:05:28,27,48
2026-07-22 01:05:30,27,48
2026-07-22 01:05:32,27,48
2026-07-22 01:05:34,27,48
2026-07-22 01:05:36,27,48
2026-07-22 01:05:38,27,48
2026-07-22 01:05:41,27,48
2026-07-22 01:05:43,27,48
2026-07-22 01:05:45,27,48
2026-07-22 01:05:47,27,49
2026-07-22 01:05:49,27,49
2026-07-22 01:05:51,27,50
2026-07-22 01:05:53,27,50
2026-07-22 01:05:55,27,50
2026-07-22 01:05:57,27,50
2026-07-22 01:05:59,27,50
2026-07-22 01:06:01,27,51
2026-07-22 01:06:03,27,51
2026-07-22 01:06:05,27,51
2026-07-22 01:06:07,27,51
2026-07-22 01:06:09,27,51
2026-07-22 01:06:11,27,51
2026-07-22 01:06:13,27,51
2026-07-22 01:06:15,27,52
2026-07-22 01:06:17,27,51
2026-07-22 01:06:19,27,52
2026-07-22 01:06:21,27,52
2026-07-22 01:06:23,27,52
2026-07-22 01:06:25,27,52
2026-07-22 01:06:27,27,52
2026-07-22 01:06:29,27,52
2026-07-22 01:06:31,27,52
2026-07-22 01:06:33,27,52
2026-07-22 01:06:35,27,52
2026-07-22 01:06:37,27,52
2026-07-22 01:06:39,27,52
2026-07-22 01:06:41,27,52
2026-07-22 01:06:43,27,52
2026-07-22 01:06:45,27,52
2026-07-22 01:06:47,27,52
2026-07-22 01:06:49,27,52
2026-07-22 01:06:51,27,52
2026-07-22 01:06:53,27,52
2026-07-22 01:06:55,27,51
2026-07-22 01:06:57,27,51
2026-07-22 01:06:59,27,51
2026-07-22 01:07:01,27,51
2026-07-22 01:07:03,27,51
2026-07-22 01:07:05,27,51
2026-07-22 01:07:08,27,51
2026-07-22 01:07:10,27,50
2026-07-22 01:07:12,27,50
2026-07-22 01:07:14,27,50
2026-07-22 01:07:16,27,51
2026-07-22 01:07:18,27,51
2026-07-22 01:07:20,27,51
2026-07-22 01:07:22,27,51
2026-07-22 01:07:24,27,51
2026-07-22 01:07:26,27,51
2026-07-22 01:07:28,27,51
2026-07-22 01:07:30,27,51
2026-07-22 01:07:32,27,50
2026-07-22 01:07:34,27,50
2026-07-22 01:07:36,27,50
2026-07-22 01:07:38,27,50
2026-07-22 01:07:40,27,50
2026-07-22 01:07:42,27,50
2026-07-22 01:07:44,27,50
2026-07-22 01:07:46,27,50
2026-07-22 01:07:48,27,50
2026-07-22 01:07:50,27,50
2026-07-22 01:07:52,27,50
2026-07-22 01:07:54,27,50
2026-07-22 01:07:56,27,50
2026-07-22 01:07:58,27,50
2026-07-22 01:08:00,27,50
2026-07-22 01:08:02,27,50
2026-07-22 01:08:04,27,50
2026-07-22 01:08:06,27,50
2026-07-22 01:08:08,27,50
2026-07-22 01:08:10,27,50
2026-07-22 01:08:12,27,50
2026-07-22 01:08:14,27,50
2026-07-22 01:08:16,27,50
2026-07-22 01:08:18,27,50
2026-07-22 01:08:20,27,50
2026-07-22 01:08:22,27,49
2026-07-22 01:08:24,27,49
2026-07-22 01:08:26,27,49
2026-07-22 01:08:28,27,49
2026-07-22 01:08:30,27,49
2026-07-22 01:08:32,27,49
2026-07-22 01:08:35,27,49
2026-07-22 01:08:37,27,49
2026-07-22 01:08:39,27,49
2026-07-22 01:08:41,27,49
2026-07-22 01:08:43,27,49
2026-07-22 01:08:45,27,49
2026-07-22 01:08:47,28,49
2026-07-22 01:08:49,28,49
2026-07-22 01:08:51,28,49
2026-07-22 01:08:53,27,49
2026-07-22 01:08:55,28,49
2026-07-22 01:08:57,28,49
2026-07-22 01:08:59,28,49
2026-07-22 01:09:01,28,49
2026-07-22 01:09:03,28,48
2026-07-22 01:09:05,28,48
2026-07-22 01:09:07,28,48
2026-07-22 01:09:09,28,48
2026-07-22 01:09:11,28,47
2026-07-22 01:09:13,28,47
2026-07-22 01:09:15,27,47
2026-07-22 01:09:17,28,47
2026-07-22 01:09:19,27,48
2026-07-22 01:09:21,27,48
2026-07-22 01:09:23,27,48
2026-07-22 01:09:25,27,48
2026-07-22 01:09:27,27,48
2026-07-22 01:09:29,27,47
2026-07-22 01:09:31,27,47
2026-07-22 01:09:33,27,47
2026-07-22 01:09:35,27,47
2026-07-22 01:09:37,27,47
2026-07-22 01:09:39,27,47
2026-07-22 01:09:41,27,47
2026-07-22 01:09:43,27,47
2026-07-22 01:09:45,27,47
2026-07-22 01:09:47,27,47
2026-07-22 01:09:49,27,47
2026-07-22 01:09:51,27,47
2026-07-22 01:09:53,27,47
2026-07-22 01:09:55,27,47
2026-07-22 01:09:57,27,47
2026-07-22 01:09:59,27,46
2026-07-22 01:10:02,27,46
2026-07-22 01:10:04,27,46
2026-07-22 01:10:06,27,46
2026-07-22 01:10:08,27,47
2026-07-22 01:10:10,27,47
2026-07-22 01:10:12,27,47
2026-07-22 01:10:14,27,47
2026-07-22 01:10:16,27,46
2026-07-22 01:10:18,27,46
2026-07-22 01:10:20,27,46
2026-07-22 01:10:22,27,46
2026-07-22 01:10:24,27,46
2026-07-22 01:10:26,27,46
2026-07-22 01:10:28,27,46
2026-07-22 01:10:30,27,46
2026-07-22 01:10:32,27,46
2026-07-22 01:10:34,27,46
2026-07-22 01:10:36,27,46
2026-07-22 01:10:38,27,46
2026-07-22 01:10:40,27,46
2026-07-22 01:10:42,27,46
2026-07-22 01:10:44,27,46
2026-07-22 01:10:46,27,47
2026-07-22 01:10:48,27,47
2026-07-22 01:10:50,27,46
2026-07-22 01:10:52,27,46
2026-07-22 01:10:54,27,46
2026-07-22 01:10:56,27,46
2026-07-22 01:10:58,27,47
2026-07-22 01:11:00,27,47
2026-07-22 01:11:02,27,46
2026-07-22 01:11:04,27,46
2026-07-22 01:11:06,27,46
2026-07-22 01:11:08,27,46
2026-07-22 01:11:10,27,46
2026-07-22 01:11:12,27,46
2026-07-22 01:11:14,27,46
2026-07-22 01:11:16,27,46
2026-07-22 01:11:18,27,46
2026-07-22 01:11:20,27,46
2026-07-22 01:11:22,27,46
2026-07-22 01:11:24,27,47
2026-07-22 01:11:27,26,47
2026-07-22 01:11:29,27,46
2026-07-22 01:11:31,26,46
2026-07-22 01:11:33,26,46
2026-07-22 01:11:35,26,46
2026-07-22 01:11:37,26,46
2026-07-22 18:37:09,28,57
2026-07-22 18:37:11,28,57
2026-07-22 18:37:13,28,57
2026-07-22 18:37:15,28,57
2026-07-22 18:37:17,28,58
2026-07-22 18:37:19,28,58
2026-07-22 18:37:22,28,58
2026-07-22 18:37:24,28,58
2026-07-22 18:37:26,28,58
2026-07-22 18:37:28,28,58
2026-07-22 18:37:30,28,58
2026-07-22 18:37:32,28,58
2026-07-22 18:37:34,28,57
2026-07-22 18:37:36,28,57
2026-07-22 18:37:38,28,57
2026-07-22 18:37:40,28,57
2026-07-22 18:37:42,28,57
2026-07-22 18:37:44,28,57
2026-07-22 18:37:46,28,57
2026-07-22 18:37:48,28,57
2026-07-22 18:37:50,28,56
2026-07-22 18:37:52,28,56
2026-07-22 18:37:54,28,56
2026-07-22 18:37:56,28,56
2026-07-22 18:37:58,28,56
2026-07-22 18:38:00,28,56
2026-07-22 18:38:02,28,56
2026-07-22 18:38:04,28,57
2026-07-22 18:38:06,28,57
2026-07-22 18:38:08,28,57
2026-07-22 18:39:05,28,56
2026-07-22 18:39:07,28,56
2026-07-22 18:39:09,28,57
2026-07-22 18:39:11,28,57
2026-07-22 18:39:13,28,57
2026-07-22 18:39:15,28,57
2026-07-22 18:39:17,28,57
2026-07-22 18:39:19,28,57
2026-07-22 18:39:21,28,57
2026-07-22 18:39:23,28,57
2026-07-22 18:39:25,28,57
2026-07-22 18:39:27,28,57
2026-07-22 18:39:29,28,57
2026-07-22 18:39:31,28,57
2026-07-22 18:39:33,28,58
2026-07-22 18:39:35,28,58
2026-07-22 18:39:37,28,57
2026-07-22 18:39:39,28,57
2026-07-22 18:39:41,28,57
2026-07-22 18:39:43,28,56
2026-07-22 18:39:45,28,57
2026-07-22 18:39:47,28,58
2026-07-22 18:39:49,28,58
2026-07-22 18:39:51,28,58
2026-07-22 18:39:53,28,57
2026-07-22 18:39:55,28,57
2026-07-22 18:39:57,28,57
2026-07-22 18:39:59,28,57
2026-07-22 18:40:01,28,57
2026-07-22 18:40:03,28,57
2026-07-22 18:40:05,28,58
2026-07-22 18:40:07,28,58
2026-07-22 18:40:09,28,58
2026-07-22 18:40:11,28,58
2026-07-22 18:40:13,28,58
2026-07-22 18:40:16,28,58
2026-07-22 18:40:18,28,58
2026-07-22 18:40:20,28,58
2026-07-22 18:40:22,28,58
2026-07-22 18:40:24,28,58
2026-07-22 18:40:26,28,58
2026-07-22 18:40:28,28,58
2026-07-22 18:40:30,28,58
2026-07-22 18:40:32,29,58
2026-07-22 18:40:34,29,58
2026-07-22 18:40:36,29,58
2026-07-22 18:40:38,29,58
2026-07-22 18:40:40,29,59
2026-07-22 18:40:42,29,59
2026-07-22 18:40:44,29,58
2026-07-22 18:40:46,29,58
2026-07-22 18:40:48,29,58
2026-07-22 18:40:50,29,57
2026-07-22 18:40:52,29,57
2026-07-22 18:40:54,29,56
2026-07-22 18:40:56,29,54
2026-07-22 18:40:58,29,56
2026-07-22 18:41:00,29,57
2026-07-22 18:41:02,29,57
2026-07-22 18:41:04,29,58
2026-07-22 18:41:06,29,58
2026-07-22 18:41:08,29,62
2026-07-22 18:41:10,29,64
2026-07-22 18:41:12,29,67
2026-07-22 18:41:14,29,67
2026-07-22 18:41:16,29,67
2026-07-22 18:41:18,29,66
2026-07-22 18:41:20,29,64
2026-07-22 18:41:22,29,63
2026-07-22 18:41:24,29,62
2026-07-22 18:41:26,29,61
2026-07-22 18:41:28,29,58
2026-07-22 18:41:30,29,60
2026-07-22 18:41:32,29,60
2026-07-22 18:41:34,29,59
2026-07-22 18:41:36,29,59
2026-07-22 18:41:38,29,58
2026-07-22 18:41:41,29,58
2026-07-22 18:41:43,29,58
2026-07-22 18:41:45,29,57
2026-07-22 18:41:47,29,57
2026-07-22 18:41:49,29,56
2026-07-22 18:41:51,29,60
2026-07-22 18:41:53,29,65
2026-07-22 18:41:55,29,65
2026-07-22 18:41:57,29,69
2026-07-22 18:41:59,29,72
2026-07-22 18:42:01,29,74
2026-07-22 18:42:03,29,74
2026-07-22 18:42:05,29,75
2026-07-22 18:42:07,29,77
2026-07-22 18:42:09,30,77
2026-07-22 18:42:11,30,77
2026-07-22 18:42:13,30,78
2026-07-22 18:42:15,30,78
2026-07-22 18:42:17,30,78
2026-07-22 18:42:19,30,87
2026-07-22 18:42:21,30,89
2026-07-22 18:42:23,30,89
2026-07-22 18:42:25,30,90
2026-07-22 18:42:27,30,83
2026-07-22 18:42:29,30,81
2026-07-22 18:42:31,30,80
2026-07-22 18:42:33,30,78
2026-07-22 18:42:35,30,77
2026-07-22 18:42:37,30,76
2026-07-22 18:42:39,30,75
2026-07-22 18:42:41,30,74
2026-07-22 18:42:43,30,73
2026-07-22 18:42:45,30,71
2026-07-22 18:42:47,30,70
2026-07-22 18:42:49,30,69
2026-07-22 18:42:51,30,68
2026-07-22 18:42:53,30,67
2026-07-22 18:42:55,30,66
2026-07-22 18:42:57,30,65
2026-07-22 18:42:59,30,64
2026-07-22 18:43:01,30,64
2026-07-22 18:43:03,30,63
2026-07-22 18:43:05,30,62
2026-07-22 18:43:08,30,61
2026-07-22 18:43:10,30,60
2026-07-22 18:43:12,30,59
2026-07-22 18:43:14,30,59
2026-07-22 18:43:16,30,58
2026-07-22 18:43:18,30,58
2026-07-22 18:43:20,30,57
2026-07-22 18:43:22,30,57
2026-07-22 18:43:24,29,57
2026-07-22 18:43:26,29,56
2026-07-22 18:43:28,29,56
2026-07-22 18:43:30,29,56
2026-07-22 18:43:32,29,55
2026-07-22 18:43:34,29,55
2026-07-22 18:43:36,29,55
2026-07-22 18:43:38,29,55
2026-07-22 18:43:40,29,55
2026-07-22 18:43:42,29,54
2026-07-22 18:43:44,29,54
2026-07-22 18:43:46,29,54
2026-07-22 18:43:48,29,54
2026-07-22 18:43:50,29,54
2026-07-22 18:43:52,29,54
2026-07-22 18:43:54,29,54
2026-07-22 18:43:56,29,54
2026-07-22 18:43:58,29,54
2026-07-22 18:44:00,29,53
2026-07-22 18:44:02,29,53
2026-07-22 18:44:04,29,53
2026-07-22 18:44:06,29,53
2026-07-22 18:44:08,29,53
2026-07-22 18:44:10,29,53
2026-07-22 18:44:12,29,53
2026-07-22 18:44:14,29,53
2026-07-22 18:44:16,29,53
2026-07-22 18:44:18,29,53
2026-07-22 18:44:20,29,53
2026-07-22 18:44:22,29,52
2026-07-22 18:44:24,29,52
2026-07-22 18:44:26,29,52
2026-07-22 18:44:28,29,52
2026-07-22 18:44:30,29,53
2026-07-22 18:44:32,29,53
2026-07-23 08:22:04,29,50
2026-07-23 08:22:06,29,49
2026-07-23 08:22:08,29,49
2026-07-23 08:22:10,29,49
2026-07-23 08:22:12,29,48
2026-07-23 08:22:14,29,48
2026-07-23 08:22:16,29,48
2026-07-23 08:22:18,29,48
2026-07-23 08:22:20,29,47
2026-07-23 08:22:22,29,47
2026-07-23 08:22:24,29,47
2026-07-23 08:22:26,29,47
2026-07-23 08:22:28,29,47
2026-07-23 08:22:30,29,47
2026-07-23 08:22:32,29,47
2026-07-23 08:22:34,29,47
2026-07-23 08:22:36,29,47
2026-07-23 08:22:38,29,47
2026-07-23 08:22:40,29,47
2026-07-23 08:22:42,29,48
2026-07-23 08:22:44,29,48
2026-07-23 08:22:46,29,48
2026-07-23 08:22:48,29,48
2026-07-23 08:22:50,29,48
2026-07-23 08:22:52,29,48
2026-07-23 08:22:54,29,48
2026-07-23 08:22:56,29,48
2026-07-23 08:22:58,29,47
2026-07-23 08:23:00,29,47
2026-07-23 08:23:02,29,47
2026-07-23 08:23:04,29,49
2026-07-23 08:23:06,29,54
2026-07-23 08:23:08,29,60
2026-07-23 08:23:10,29,61
2026-07-23 08:23:12,29,60
2026-07-23 08:23:14,29,59
2026-07-23 08:23:16,29,57
2026-07-23 08:23:18,29,56
2026-07-23 08:23:20,29,55
2026-07-23 08:23:22,29,53
2026-07-23 08:23:24,29,52
2026-07-23 08:23:27,29,51
2026-07-23 08:23:29,29,50
2026-07-23 08:23:31,29,49
2026-07-23 08:23:33,29,49
2026-07-23 08:23:35,29,48
2026-07-23 08:23:37,29,48
2026-07-23 08:23:39,29,47
2026-07-23 08:23:41,29,47
2026-07-23 08:23:43,29,47
2026-07-23 08:23:45,29,47
2026-07-23 08:23:47,29,47
2026-07-23 08:23:49,29,47
2026-07-23 08:23:51,29,47
2026-07-23 08:23:53,29,48
2026-07-23 08:23:55,29,47
2026-07-23 08:23:57,29,47
2026-07-23 08:23:59,29,47
2026-07-23 08:24:01,29,47
2026-07-23 08:24:03,29,47
2026-07-23 08:24:05,29,47
2026-07-23 08:24:07,29,46
2026-07-23 08:24:09,29,47
2026-07-23 08:24:11,29,48
2026-07-23 08:24:13,29,50
2026-07-23 08:24:15,29,50
2026-07-23 08:24:17,29,51
2026-07-23 08:24:19,29,53
2026-07-23 08:24:21,29,53
2026-07-23 08:24:23,29,54
2026-07-23 08:24:25,29,53
2026-07-23 08:24:27,29,53
2026-07-23 08:24:29,29,52
2026-07-23 08:24:31,29,52
2026-07-23 08:24:33,29,52
2026-07-23 08:24:35,29,52
2026-07-23 08:24:37,29,52
2026-07-23 08:24:39,29,52
2026-07-23 08:24:41,29,51
2026-07-23 08:24:43,29,50
2026-07-23 08:24:45,29,50
2026-07-23 08:24:47,29,50
2026-07-23 08:24:49,29,49
2026-07-23 08:24:51,29,50
2026-07-23 08:24:54,29,50
2026-07-23 08:24:56,29,50
2026-07-23 08:24:58,29,50
2026-07-23 08:25:00,29,49
2026-07-23 08:25:02,29,49
2026-07-23 08:25:04,29,49
2026-07-23 08:25:06,29,49
2026-07-23 08:25:08,29,50
2026-07-23 08:25:10,29,50
2026-07-23 08:25:12,29,50
2026-07-23 08:25:14,29,49
2026-07-23 08:25:16,29,49
2026-07-23 08:25:18,29,49
2026-07-23 08:25:20,29,49
2026-07-23 08:25:22,29,49
2026-07-23 08:25:24,29,49
2026-07-23 08:25:26,29,49
2026-07-23 08:25:28,29,49
2026-07-23 08:25:30,29,49
2026-07-23 08:25:32,29,49
2026-07-23 08:25:34,29,48
2026-07-23 08:25:36,29,48
2026-07-23 08:25:38,29,48
2026-07-23 08:25:40,29,47
2026-07-23 08:25:42,29,48
2026-07-23 08:25:44,29,47
2026-07-23 08:25:46,29,47
2026-07-23 08:25:48,29,47
2026-07-23 08:25:50,29,47
2026-07-23 08:25:52,29,47
2026-07-23 08:25:54,29,46
2026-07-23 08:25:56,29,46
2026-07-23 08:25:58,29,46
2026-07-23 08:26:00,29,46
2026-07-23 08:26:06,29,45
2026-07-23 08:26:08,29,47
2026-07-23 08:26:10,29,47
2026-07-23 08:26:12,29,47
2026-07-23 08:26:14,29,49
2026-07-23 08:26:16,29,49
2026-07-23 08:26:18,29,49
2026-07-23 08:26:21,29,48
2026-07-23 08:26:23,29,48
2026-07-23 08:26:25,29,47
2026-07-23 08:26:27,29,47
2026-07-23 08:26:29,29,47
2026-07-23 08:26:31,29,47
2026-07-23 08:26:33,29,47
2026-07-23 08:26:35,29,47
2026-07-23 08:26:37,29,47
2026-07-23 08:26:39,29,47
2026-07-23 08:32:21,30,51
2026-07-23 08:32:23,30,50
2026-07-23 08:32:25,30,49
2026-07-23 08:32:27,30,50
2026-07-23 08:32:29,30,53
2026-07-23 08:32:31,30,56
2026-07-23 08:32:33,30,55
2026-07-23 08:32:35,30,53
2026-07-23 08:32:37,30,51
2026-07-23 08:32:39,30,50
2026-07-23 08:32:41,30,49
2026-07-23 08:32:43,30,48
2026-07-23 08:32:45,30,47
2026-07-23 08:32:47,30,46
2026-07-23 08:32:49,30,46
2026-07-23 08:32:51,30,45
2026-07-23 08:32:53,30,45
2026-07-23 08:32:55,30,45
2026-07-23 08:32:57,30,44
2026-07-23 08:32:59,30,44
2026-07-23 08:33:01,30,44
2026-07-23 08:33:03,30,44
2026-07-23 08:33:05,30,44
2026-07-23 08:33:07,30,43
2026-07-23 08:33:09,30,43
2026-07-23 08:33:11,30,43
2026-07-23 08:33:13,30,43
2026-07-23 08:33:15,30,43
2026-07-23 08:33:17,30,43
2026-07-23 08:33:19,30,43
2026-07-23 08:33:21,30,43
2026-07-23 08:33:23,30,43
2026-07-23 08:33:25,30,43
2026-07-23 08:33:27,30,43
2026-07-23 08:33:29,30,43
2026-07-23 08:33:32,30,43
2026-07-23 08:33:34,30,43
2026-07-23 08:33:36,30,44
2026-07-23 08:33:38,30,44
2026-07-23 08:33:40,30,44
2026-07-23 08:33:42,30,44
2026-07-23 08:33:44,30,44
2026-07-23 08:33:46,30,44
2026-07-23 08:33:48,30,44
2026-07-23 08:33:50,30,44
2026-07-23 08:33:52,30,43
2026-07-23 08:33:54,30,43
2026-07-23 08:33:56,30,43
2026-07-23 08:33:58,30,43
2026-07-23 08:34:00,30,43
2026-07-23 08:34:02,30,43
2026-07-23 08:34:04,30,43
2026-07-23 08:34:06,30,44
2026-07-23 08:34:08,30,44
2026-07-23 08:34:10,30,44
2026-07-23 08:34:12,30,44
2026-07-23 08:34:14,30,44
2026-07-23 08:34:16,30,44
2026-07-23 08:34:18,30,44
2026-07-23 08:34:20,30,44
2026-07-23 08:34:22,30,45
2026-07-23 08:34:24,30,45
2026-07-23 08:34:26,30,45
2026-07-23 08:34:28,30,45
2026-07-23 08:34:30,30,44
2026-07-23 08:34:32,30,44
2026-07-23 08:34:34,30,44
2026-07-23 08:34:36,30,44
2026-07-23 08:34:38,30,44
2026-07-23 08:34:40,30,44
2026-07-23 08:34:42,30,44
2026-07-23 08:34:44,30,44
2026-07-23 08:34:46,30,43
2026-07-23 08:34:48,30,44
2026-07-23 08:34:50,30,44
2026-07-23 08:34:52,30,44
2026-07-23 08:34:54,30,45
2026-07-23 08:34:56,30,44
2026-07-23 08:34:59,30,44
2026-07-23 08:35:01,30,44
2026-07-23 08:35:03,30,45
2026-07-23 08:35:05,30,45
2026-07-23 08:35:07,30,45
2026-07-23 08:35:09,30,44
2026-07-23 08:35:11,30,44
2026-07-23 08:35:13,30,44
2026-07-23 08:35:15,30,44
2026-07-23 08:35:17,30,44
2026-07-23 08:35:19,30,44
2026-07-23 08:35:21,30,44
2026-07-23 08:35:23,30,44
2026-07-23 08:35:25,30,43
2026-07-23 08:35:27,30,43
2026-07-23 08:35:29,30,43
2026-07-23 08:35:31,30,43
2026-07-23 08:35:33,30,43
2026-07-23 08:35:35,30,42
2026-07-23 08:35:37,30,42
2026-07-23 08:35:39,30,42
2026-07-23 08:35:41,30,42
2026-07-23 08:35:43,30,42
2026-07-23 08:35:45,30,42
2026-07-23 08:35:47,30,42
2026-07-23 08:35:49,30,42
2026-07-23 08:35:51,30,41
2026-07-23 08:35:53,30,41
2026-07-23 08:35:55,30,41
2026-07-23 08:35:57,30,41
2026-07-23 08:35:59,30,41
2026-07-23 08:36:01,30,41
2026-07-23 08:36:03,30,41
2026-07-23 08:36:05,30,41
2026-07-23 08:36:07,30,41
2026-07-23 08:36:09,30,41
2026-07-23 08:36:11,30,41
2026-07-23 08:36:13,30,41
2026-07-23 08:36:15,30,41
2026-07-23 08:36:17,30,41
2026-07-23 08:36:19,30,41
2026-07-23 08:36:21,30,41
2026-07-23 08:36:24,30,41
2026-07-23 08:36:26,30,41
2026-07-23 08:36:28,30,42
2026-07-23 08:36:30,30,43
2026-07-23 08:36:32,30,43
2026-07-23 08:36:34,30,44
2026-07-23 08:36:36,30,44
2026-07-23 08:36:38,30,44
2026-07-23 08:36:40,30,44
2026-07-23 08:36:42,30,44
2026-07-23 08:36:44,30,43
2026-07-23 08:36:46,30,44
2026-07-23 08:36:48,30,43
2026-07-23 08:36:50,30,43
2026-07-23 08:36:52,30,43
2026-07-23 08:36:54,30,43
2026-07-23 08:36:56,30,43
2026-07-23 08:36:58,30,43
2026-07-23 08:37:00,30,44
2026-07-23 08:37:02,30,44
2026-07-23 08:37:04,30,43
2026-07-23 08:37:06,30,43
2026-07-23 08:37:08,30,43
2026-07-23 08:37:10,30,43
2026-07-23 08:37:12,30,44
2026-07-23 08:37:14,30,44
2026-07-23 08:37:16,30,44
2026-07-23 08:37:18,30,44
2026-07-23 08:37:20,30,43
2026-07-23 08:37:22,31,43
2026-07-23 08:37:24,30,43
2026-07-23 08:37:26,30,43
2026-07-23 08:37:28,30,43
2026-07-23 08:37:30,31,44
2026-07-23 08:37:32,31,44
2026-07-23 08:37:34,31,44
2026-07-23 08:37:36,31,44
2026-07-23 08:37:38,31,44
2026-07-23 08:37:40,31,44
2026-07-23 08:37:42,31,44
2026-07-23 08:37:44,31,44
2026-07-23 08:37:46,31,44
2026-07-23 08:37:48,31,43
2026-07-23 08:37:51,31,43
2026-07-23 08:37:53,31,43
2026-07-23 08:37:55,31,42
2026-07-23 08:37:57,31,42
2026-07-23 08:37:59,31,42
2026-07-23 08:38:01,31,42
2026-07-23 08:38:03,31,42
2026-07-23 08:38:05,31,42
2026-07-23 08:38:07,31,41
2026-07-23 08:38:09,31,41
2026-07-23 08:38:11,31,41
2026-07-23 08:38:13,31,41
2026-07-23 08:38:15,31,41
2026-07-23 08:38:17,31,41
2026-07-23 08:38:19,31,41
2026-07-23 08:38:21,31,41
2026-07-23 08:38:23,31,41
2026-07-23 08:38:25,31,41
2026-07-23 08:38:27,31,42
2026-07-23 08:38:29,31,42
2026-07-23 08:38:31,31,42
2026-07-23 08:38:33,31,42
2026-07-23 08:38:35,31,42
2026-07-23 08:38:37,31,43
2026-07-23 08:38:39,31,43
2026-07-23 08:38:41,31,42
2026-07-23 08:38:43,31,42
2026-07-23 08:38:45,31,42
2026-07-23 08:38:47,31,42
2026-07-23 08:38:49,31,42
2026-07-23 08:38:51,31,42
2026-07-23 08:38:53,31,42
2026-07-23 08:38:55,31,42
2026-07-23 08:38:57,31,42
2026-07-23 08:38:59,31,42
2026-07-23 08:39:01,31,42
2026-07-23 08:39:03,31,43
2026-07-23 08:39:05,31,44
2026-07-23 08:39:07,31,45
2026-07-23 08:39:09,31,45
2026-07-23 08:39:11,31,45
2026-07-23 08:39:13,31,45
2026-07-23 08:39:15,31,44
2026-07-23 08:39:18,31,44
2026-07-23 08:39:20,31,44
2026-07-23 08:39:22,31,43
2026-07-23 08:39:24,31,43
2026-07-23 08:39:26,31,42
2026-07-23 08:39:28,31,42
2026-07-23 08:39:30,31,42
2026-07-23 08:39:32,31,42
2026-07-23 08:39:34,31,41
2026-07-23 08:39:36,31,41
2026-07-23 08:39:38,31,41
2026-07-23 08:39:40,31,41
2026-07-23 08:39:42,31,41
2026-07-23 08:39:44,31,41
2026-07-23 08:39:46,31,41
2026-07-23 08:39:48,31,42
2026-07-23 08:39:50,31,41
2026-07-23 08:39:52,31,41
2026-07-23 08:39:54,31,41
2026-07-23 08:39:56,31,41
2026-07-23 08:39:58,31,41
2026-07-23 08:40:00,31,41
2026-07-23 08:40:02,31,41
2026-07-23 08:40:04,31,42
2026-07-23 08:40:06,31,42
2026-07-23 08:40:08,31,42
2026-07-23 08:40:10,31,42
2026-07-23 08:40:12,31,42
2026-07-23 08:40:14,31,42
2026-07-23 08:40:16,31,41
2026-07-23 08:40:18,31,41
2026-07-23 08:40:20,31,41
2026-07-23 08:40:22,31,41
2026-07-23 08:40:24,31,42
2026-07-23 08:40:26,31,43
2026-07-23 08:40:28,31,43
2026-07-23 08:40:30,31,43
2026-07-23 08:40:32,31,43
2026-07-23 08:40:34,31,42
2026-07-23 08:40:36,31,42
2026-07-23 08:40:38,31,42
2026-07-23 08:40:40,31,42
2026-07-23 08:40:42,31,42
2026-07-23 08:40:45,31,42
2026-07-23 08:40:47,31,42
2026-07-23 08:40:49,31,42
2026-07-23 08:40:51,31,42
2026-07-23 08:40:53,31,42
2026-07-23 08:40:55,31,42
2026-07-23 08:40:57,31,42
2026-07-23 08:40:59,31,43
2026-07-23 08:41:01,31,43
2026-07-23 08:41:03,31,43
2026-07-23 08:41:05,31,42
2026-07-23 08:41:07,31,42
2026-07-23 08:41:09,31,42
2026-07-23 08:41:11,31,42
2026-07-23 08:41:13,31,42
2026-07-23 08:41:15,31,41
2026-07-23 08:41:17,31,41
2026-07-23 08:41:19,31,41
2026-07-23 08:41:21,31,42
2026-07-23 08:41:23,31,42
2026-07-23 08:41:25,31,42
2026-07-23 08:41:27,31,42
2026-07-23 08:41:29,31,42
2026-07-23 08:41:31,31,42
2026-07-23 08:41:33,31,42
2026-07-23 08:41:35,31,41
2026-07-23 08:41:37,31,42
2026-07-23 08:41:39,31,42
2026-07-23 08:41:41,31,42
2026-07-23 08:41:43,31,42
2026-07-23 08:41:45,31,43
2026-07-23 08:41:47,31,43
2026-07-23 08:41:49,31,43
2026-07-23 08:41:51,31,43
2026-07-23 08:41:53,31,43
2026-07-23 08:41:55,31,43
2026-07-23 08:41:57,31,44
2026-07-23 08:41:59,31,43
2026-07-23 08:42:01,31,43
2026-07-23 08:42:03,31,43
2026-07-23 08:42:05,31,43
2026-07-23 08:42:07,31,43
2026-07-23 08:42:10,31,43
2026-07-23 08:42:12,31,42
2026-07-23 08:42:14,31,42
2026-07-23 08:42:16,31,42
2026-07-23 08:42:18,31,42
2026-07-23 08:42:20,31,43
2026-07-23 08:42:22,31,43
2026-07-23 08:42:24,31,43
2026-07-23 08:42:26,31,43
2026-07-23 08:42:28,31,42
2026-07-23 08:42:30,31,42
2026-07-23 08:42:32,31,42
2026-07-23 08:42:34,31,42
2026-07-23 08:42:36,31,42
2026-07-23 08:42:38,31,42
2026-07-23 08:42:40,31,42
2026-07-23 08:42:42,31,42
2026-07-23 08:42:44,31,42
2026-07-23 08:42:46,31,42
2026-07-23 08:42:48,31,42
2026-07-23 08:42:50,31,42
2026-07-23 08:42:52,31,42
2026-07-23 08:42:54,31,42
2026-07-23 08:42:56,31,42
2026-07-23 08:42:58,31,43
2026-07-23 08:43:00,31,43
2026-07-23 08:43:02,31,42
2026-07-23 08:43:04,31,43
2026-07-23 08:43:06,31,43
2026-07-23 08:43:08,31,42
2026-07-23 08:43:10,31,42
2026-07-23 08:43:12,31,42
2026-07-23 08:43:14,31,42
2026-07-23 08:43:16,31,42
2026-07-23 08:43:18,31,42
2026-07-23 08:43:20,31,41
2026-07-23 08:43:22,31,41
2026-07-23 08:43:24,31,41
2026-07-23 08:43:26,31,41
2026-07-23 08:43:28,31,41
2026-07-23 08:43:30,31,41
2026-07-23 08:43:32,31,41
2026-07-23 08:43:34,31,41
2026-07-23 08:43:37,31,41
2026-07-23 08:43:39,31,41
2026-07-23 08:43:41,31,41
2026-07-23 08:43:43,31,41
2026-07-23 08:43:45,31,41
2026-07-23 08:43:47,31,40
2026-07-23 08:43:49,31,41
2026-07-23 08:43:51,31,41
2026-07-23 08:43:53,31,40
2026-07-23 08:43:55,31,41
2026-07-23 08:43:57,31,41
2026-07-23 08:43:59,31,41
2026-07-23 08:44:01,31,41
2026-07-23 08:44:03,31,41
2026-07-23 08:44:05,31,41
2026-07-23 08:44:07,31,40
2026-07-23 08:44:09,31,41
2026-07-23 08:44:11,31,41
2026-07-23 08:44:13,31,41
2026-07-23 08:44:15,31,41
2026-07-23 08:44:17,31,41
2026-07-23 08:44:19,31,41
2026-07-23 08:44:21,31,41
2026-07-23 08:44:23,31,41
2026-07-23 08:44:25,31,41
2026-07-23 08:44:27,31,41
2026-07-23 08:44:29,31,41
2026-07-23 08:44:31,31,40
2026-07-23 08:44:33,31,40
2026-07-23 08:44:35,31,40
2026-07-23 08:44:37,31,40
2026-07-23 08:44:39,31,40
2026-07-23 08:44:41,31,41
2026-07-23 08:44:43,31,42
2026-07-23 08:44:45,31,42
2026-07-23 08:44:47,31,42
2026-07-23 08:44:49,31,42
2026-07-23 08:44:51,31,42
2026-07-23 08:44:53,31,43
2026-07-23 08:44:55,31,42
2026-07-23 08:44:57,31,42
2026-07-23 08:44:59,31,42
2026-07-23 08:45:01,31,42
2026-07-23 08:45:04,31,41
2026-07-23 08:45:06,31,41
2026-07-23 08:45:08,31,41
2026-07-23 08:45:10,31,41
2026-07-23 08:45:12,31,41
2026-07-23 08:45:14,31,41
2026-07-23 08:45:16,31,42
2026-07-23 08:45:18,31,44
2026-07-23 08:45:20,31,46
2026-07-23 08:45:22,31,48
2026-07-23 08:45:24,31,49
2026-07-23 08:45:26,31,51
2026-07-23 12:00:26,26,41
2026-07-23 12:00:28,26,41
2026-07-23 12:00:30,26,41
2026-07-23 12:00:32,26,41
2026-07-23 12:00:34,26,41
2026-07-23 12:00:37,26,41
2026-07-23 12:00:39,26,41
2026-07-23 12:00:41,26,41
2026-07-23 12:00:43,26,41
2026-07-23 12:00:45,26,41
2026-07-23 12:00:47,26,41
2026-07-23 12:00:49,26,41
2026-07-23 12:00:51,26,41
2026-07-23 12:00:53,26,41
2026-07-23 12:00:55,26,41
2026-07-23 12:00:57,26,41
2026-07-23 12:00:59,26,41
2026-07-23 12:01:01,26,41
2026-07-23 12:01:03,26,41
2026-07-23 12:01:05,26,41
2026-07-23 12:01:07,26,41
2026-07-23 12:01:09,26,41
2026-07-23 12:01:11,26,41
2026-07-23 12:01:13,26,41
2026-07-23 12:01:15,26,41
2026-07-23 12:01:17,26,41
2026-07-23 12:01:19,26,41
2026-07-23 12:01:21,26,41
2026-07-23 12:01:23,26,42
2026-07-23 12:01:25,26,42
2026-07-23 12:01:27,26,42
2026-07-23 12:01:29,26,42
2026-07-23 12:01:31,26,42
2026-07-23 12:01:33,26,42
2026-07-23 12:01:35,26,42
2026-07-23 12:01:37,26,42
2026-07-23 12:01:39,26,42
2026-07-23 12:01:41,26,42
2026-07-23 12:01:43,26,42
2026-07-23 12:01:45,26,42
2026-07-23 12:01:48,26,42
2026-07-23 12:01:50,26,42
2026-07-23 12:01:52,26,42
2026-07-23 12:01:54,26,42
2026-07-23 12:01:56,26,42
2026-07-23 12:01:58,26,42
2026-07-23 12:02:00,26,42
2026-07-23 12:02:02,26,42
2026-07-23 12:02:04,26,42
2026-07-23 12:02:06,26,42
2026-07-23 12:02:08,26,42
2026-07-23 12:02:10,26,42
2026-07-23 12:02:12,26,42
2026-07-23 12:02:14,26,42
2026-07-23 12:02:16,26,42
2026-07-23 12:02:18,26,42
2026-07-23 12:02:20,26,42
2026-07-23 12:02:22,26,42
2026-07-23 12:02:24,26,42
2026-07-23 12:02:26,26,42
2026-07-23 12:02:28,26,42
2026-07-23 12:02:30,26,42
2026-07-23 12:02:32,26,42
2026-07-23 12:02:34,26,42
2026-07-23 12:02:36,26,42
2026-07-23 12:02:38,26,42
2026-07-23 12:02:40,26,42
2026-07-23 12:02:42,26,42
2026-07-23 12:02:44,26,42
2026-07-23 12:02:46,26,42
2026-07-23 12:02:48,26,42
2026-07-23 12:02:50,26,42
2026-07-23 12:02:52,26,42
2026-07-23 12:02:54,26,42
2026-07-23 12:02:56,26,42
2026-07-23 12:02:59,26,42
2026-07-23 12:03:01,26,42
2026-07-23 12:03:03,26,42
2026-07-23 12:03:05,26,42
2026-07-23 12:03:07,26,42
2026-07-29 23:05:15,26,50
2026-07-29 23:05:17,26,50
2026-07-29 23:05:19,26,50
2026-07-29 23:05:21,26,51
2026-07-29 23:05:23,26,53
2026-07-29 23:05:25,26,57
2026-07-29 23:05:27,26,57
2026-07-29 23:05:29,27,57
2026-07-29 23:05:31,27,56
2026-07-29 23:05:33,27,56
2026-07-29 23:05:35,27,55
2026-07-29 23:05:37,27,55
2026-07-29 23:05:39,27,54
2026-07-29 23:05:41,27,54
2026-07-29 23:05:43,27,54
2026-07-29 23:05:45,27,53
2026-07-29 23:05:47,27,53
2026-07-29 23:05:49,27,53
2026-07-29 23:05:51,27,53
2026-07-29 23:05:53,27,53
2026-07-29 23:05:55,27,53
2026-07-29 23:05:57,27,53
2026-07-29 23:05:59,27,52
2026-07-29 23:06:01,27,52
2026-07-29 23:06:03,27,52
2026-07-29 23:06:05,27,52
2026-07-29 23:06:07,27,52
2026-07-29 23:06:09,27,52
2026-07-29 23:06:11,27,52
2026-07-29 23:06:13,27,52
2026-07-29 23:06:15,27,52
2026-07-29 23:06:17,27,52
2026-07-29 23:06:20,27,52
2026-07-29 23:06:22,27,52
2026-07-29 23:06:24,27,52
2026-07-29 23:06:26,27,52
2026-07-29 23:06:28,27,52
2026-07-29 23:06:30,27,52
2026-07-29 23:06:32,27,52
2026-07-29 23:06:34,27,52
2026-07-29 23:06:36,27,52
2026-07-29 23:06:38,27,52
2026-07-29 23:06:40,27,52
2026-07-29 23:06:42,27,52
2026-07-29 23:06:44,27,52
2026-07-29 23:06:46,27,52
2026-07-29 23:06:48,27,52
2026-07-29 23:06:50,27,52
2026-07-29 23:06:52,27,52
2026-07-29 23:06:54,27,52
2026-07-29 23:06:56,27,52
2026-07-29 23:06:58,27,52
2026-07-29 23:07:00,27,52
2026-07-29 23:07:02,27,52
2026-07-29 23:07:04,27,52
2026-07-29 23:07:06,27,53
2026-07-29 23:07:08,27,53
2026-07-29 23:07:10,27,53
2026-07-29 23:07:12,27,53
2026-07-29 23:07:14,27,53
2026-07-29 23:07:16,27,53
2026-07-29 23:07:18,27,53
2026-07-29 23:07:20,27,53
2026-07-29 23:07:22,27,53
2026-07-29 23:07:24,27,53
2026-07-29 23:07:26,27,53
2026-07-29 23:07:28,27,53
2026-07-29 23:07:30,27,53
2026-07-29 23:07:32,27,53
2026-07-29 23:07:34,27,53
2026-07-29 23:07:36,27,53
2026-07-29 23:07:38,27,53
2026-07-29 23:07:40,27,53
2026-07-29 23:07:42,27,53
2026-07-29 23:07:44,27,53
2026-07-29 23:07:47,27,53
2026-07-29 23:07:49,27,53
2026-07-29 23:07:51,27,53
